{"mean_ctg": 1.7982304805502147, "is_solved": {"_type": "histogram", "values": [468619, 0, 0, 0, 0, 0, 0, 0, 0, 0, 0, 0, 0, 0, 0, 0, 0, 0, 0, 0, 0, 0, 0, 0, 0, 0, 0, 0, 0, 0, 0, 31381], "bins": [0.0, 0.03125, 0.0625, 0.09375, 0.125, 0.15625, 0.1875, 0.21875, 0.25, 0.28125, 0.3125, 0.34375, 0.375, 0.40625, 0.4375, 0.46875, 0.5, 0.53125, 0.5625, 0.59375, 0.625, 0.65625, 0.6875, 0.71875, 0.75, 0.78125, 0.8125, 0.84375, 0.875, 0.90625, 0.9375, 0.96875, 1.0]}, "_runtime": 76821, "_timestamp": 1619655592, "_step": 1196, "loss": 0.00010627465235302225, "GBFS-Solved0": 6.3, "GBFS-avgSolveSteps0": 0.0, "GBFS-CTG-mean0": 1.7967520890794695, "GBFS-CTG-max0": 3.4450109004974365, "GBFS-CTG-min0": -0.0014841631054878235, "max_solve_steps": 30, "update_num": 133}